timestamp,fold,delay_days,run_id,method,target_pos_rate,train_rows,val_rows,train_pos,train_neg,synth_rows,final_train_rows,final_pos_rate,pr_auc,recall_at_1pct_fpr,notes,experiment,strategy
24-12-2025 00:19,0,,,baseline,,118108,118108,2826.0,115282.0,0.0,118108.0,0.0239272530226572,0.5558120405144931,0.4566779374471682,,protocol,
24-12-2025 00:23,0,,,ctgan,0.05,118108,118108,2826.0,115282.0,3391.0,121499.0,0.0511691454250652,0.5238874920579538,0.4224429416737109,,protocol,
24-12-2025 00:30,0,,,ctgan,0.1,118108,118108,2826.0,115282.0,10298.0,128406.0,0.1022070619752971,0.5244550235358045,0.41927303465765,,protocol,
24-12-2025 00:35,0,,,ctgan,0.2,118108,118108,2826.0,115282.0,26701.0,144809.0,0.2039030723228528,0.523710584739655,0.4207523245984784,,protocol,
24-12-2025 01:27,0,,,baseline,,118108,118108,2826.0,115282.0,0.0,118108.0,0.0239272530226572,0.5558120405144931,0.4566779374471682,,protocol,
24-12-2025 01:33,0,,,ctgan,0.05,118108,118108,2826.0,115282.0,3391.0,121499.0,0.0511691454250652,0.5258052053566805,0.4222316145393068,,protocol,
24-12-2025 01:37,0,,,ctgan,0.1,118108,118108,2826.0,115282.0,10298.0,128406.0,0.1022070619752971,0.5244512693446602,0.4277261200338123,,protocol,
24-12-2025 01:43,0,,,ctgan,0.2,118108,118108,2826.0,115282.0,26701.0,144809.0,0.2039030723228528,0.525269712686763,0.4241335587489434,,protocol,
24-12-2025 02:02,0,,,baseline,,118108,118108,2826.0,115282.0,0.0,118108.0,0.0239272530226572,0.5558120405144931,0.4566779374471682,,protocol,
24-12-2025 02:07,0,,,ctgan,0.05,118108,118108,2826.0,115282.0,3391.0,121499.0,0.0511691454250652,0.5185671590278474,0.4129332206255283,,protocol,
20-02-2026 14:43,0,,,baseline,,118108,118108,2826.0,115282.0,0.0,118108.0,0.0239272530226572,0.5614727393508298,0.4668216398985629,,protocol,
20-02-2026 14:51,0,,,baseline,,118108,118108,2826.0,115282.0,0.0,118108.0,0.0239272530226572,0.5614727393508298,0.4668216398985629,,protocol,
20-02-2026 15:03,0,,,baseline,,196846,196847,5835.0,191011.0,0.0,196846.0,0.0296424616197433,0.5592793437209911,0.457843770174306,,protocol,
20-02-2026 15:17,0,,,baseline,,196846,196847,5835.0,191011.0,0.0,196846.0,0.0296424616197433,0.5592793437209911,0.457843770174306,,protocol,
20-02-2026 15:23,0,,,baseline,,196846,196847,5835.0,191011.0,0.0,196846.0,0.0296424616197433,0.5592793437209911,0.457843770174306,,protocol,
20-02-2026 16:03,0,,,baseline,,196846,196847,5835.0,191011.0,0.0,196846.0,0.0296424616197433,0.5368516857111149,0.4409296320206585,,protocol,
20-02-2026 16:35,0,,,baseline,,196846,196847,5835.0,191011.0,0.0,196846.0,0.0296424616197433,0.5368516857111149,0.4409296320206585,,protocol,
20-02-2026 16:45,0,,,baseline,,196846,196847,5835.0,191011.0,0.0,196846.0,0.0296424616197433,0.5368516857111149,0.4409296320206585,,protocol,
20-02-2026 16:46,0,,,baseline,,196846,196847,5835.0,191011.0,0.0,196846.0,0.0296424616197433,0.5368516857111149,0.4409296320206585,,protocol,
20-02-2026 16:46,0,,,ctgan,0.05,196846,196847,5835.0,191011.0,4526.0,201372.0,0.0514520390123751,0.5462466180736085,0.4475145255003228,,protocol,
20-02-2026 16:49,0,,,baseline,,196846,196847,5835.0,191011.0,0.0,196846.0,0.0296424616197433,0.5368516857111149,0.4409296320206585,,protocol,
20-02-2026 16:49,0,,,ctgan,0.05,196846,196847,5835.0,191011.0,4526.0,201372.0,0.0514520390123751,0.5371837017830378,0.4404131697869593,,protocol,
20-02-2026 16:50,0,,,tabddpm,0.05,196846,196847,5835.0,191011.0,4526.0,201372.0,0.0514520390123751,0.5323199873139955,0.4306003873466753,,protocol,
20-02-2026 16:50,1,,,baseline,,393693,196847,13580.0,380113.0,0.0,393693.0,0.0344938822889916,0.540733508688516,0.4564450091769024,,protocol,
20-02-2026 16:51,1,,,ctgan,0.05,393693,196847,13580.0,380113.0,5000.0,398693.0,0.0466022729267882,0.5424199131597593,0.458562755894395,,protocol,
20-02-2026 16:52,1,,,tabddpm,0.05,393693,196847,13580.0,380113.0,5000.0,398693.0,0.0466022729267882,0.5283333182622265,0.4482563885359311,,protocol,
20-02-2026 16:58,0,,,baseline,,118108,118108,2826.0,115282.0,0.0,118108.0,0.0239272530226572,0.5434769390312724,0.4575232459847844,,protocol,
20-02-2026 16:58,0,,,ctgan,0.05,118108,118108,2826.0,115282.0,3391.0,121499.0,0.0511691454250652,0.5485392059555186,0.456043956043956,,protocol,
20-02-2026 16:58,0,,,ctgan,0.1,118108,118108,2826.0,115282.0,10298.0,128406.0,0.1022070619752971,0.554985920511248,0.4619611158072697,,protocol,
20-02-2026 16:59,0,,,ctgan,0.2,118108,118108,2826.0,115282.0,26701.0,144809.0,0.2039030723228528,0.5464756029749623,0.4562552831783601,,protocol,
20-02-2026 16:59,0,,,tabddpm,0.05,118108,118108,2826.0,115282.0,3391.0,121499.0,0.0511691454250652,0.5519551386192652,0.4663989856297548,,protocol,
20-02-2026 17:00,0,,,tabddpm,0.1,118108,118108,2826.0,115282.0,10298.0,128406.0,0.1022070619752971,0.5521443727439841,0.4642857142857143,,protocol,
20-02-2026 17:00,0,,,tabddpm,0.2,118108,118108,2826.0,115282.0,26701.0,144809.0,0.2039030723228528,0.5523865884858846,0.459847844463229,,protocol,
20-02-2026 17:00,1,,,baseline,,236216,118108,7558.0,228658.0,0.0,236216.0,0.0319961391269008,0.5778163924869011,0.4785553047404063,,protocol,
20-02-2026 17:01,1,,,ctgan,0.05,236216,118108,7558.0,228658.0,4875.0,241091.0,0.0515697392270968,0.5799235637670047,0.4862302483069977,,protocol,
20-02-2026 17:02,1,,,ctgan,0.1,236216,118108,7558.0,228658.0,18689.0,254905.0,0.1029677723073301,0.5754975173247373,0.481489841986456,,protocol,
20-02-2026 17:03,1,,,ctgan,0.2,236216,118108,7558.0,228658.0,50000.0,286216.0,0.2010998686306845,0.5768197224336961,0.4810383747178329,,protocol,
20-02-2026 17:03,1,,,tabddpm,0.05,236216,118108,7558.0,228658.0,4875.0,241091.0,0.0515697392270968,0.5506236643906282,0.4428893905191873,,protocol,
20-02-2026 17:03,1,,,tabddpm,0.1,236216,118108,7558.0,228658.0,18689.0,254905.0,0.1029677723073301,0.5618305152117138,0.4641083521444695,,protocol,
20-02-2026 17:04,1,,,tabddpm,0.2,236216,118108,7558.0,228658.0,50000.0,286216.0,0.2010998686306845,0.5611359001415008,0.4688487584650113,,protocol,
20-02-2026 17:05,2,,,baseline,,354324,118108,11988.0,342336.0,0.0,354324.0,0.0338334405798083,0.6007340496930021,0.5046627629581436,,protocol,
20-02-2026 17:06,2,,,ctgan,0.05,354324,118108,11988.0,342336.0,6661.0,360985.0,0.0516614263750571,0.5981741144174484,0.5003253090435914,,protocol,
20-02-2026 17:07,2,,,ctgan,0.1,354324,118108,11988.0,342336.0,27382.0,381706.0,0.1031422089251937,0.5919660759350103,0.4914335285187595,,protocol,
20-02-2026 17:08,2,,,ctgan,0.2,354324,118108,11988.0,342336.0,50000.0,404324.0,0.1533126898230132,0.5996482578976076,0.4968553459119497,,protocol,
20-02-2026 17:08,2,,,tabddpm,0.05,354324,118108,11988.0,342336.0,6661.0,360985.0,0.0516614263750571,0.6051643635889506,0.5083495987855129,,protocol,
20-02-2026 17:09,2,,,tabddpm,0.1,354324,118108,11988.0,342336.0,27382.0,381706.0,0.1031422089251937,0.5957220142943713,0.4992409455649533,,protocol,
20-02-2026 17:10,2,,,tabddpm,0.2,354324,118108,11988.0,342336.0,50000.0,404324.0,0.1533126898230132,0.5921267430266458,0.4979397093905877,,protocol,
20-02-2026 17:11,3,,,baseline,,472432,118108,16599.0,455833.0,0.0,472432.0,0.0351352152267416,0.5336896271880447,0.4453740157480315,,protocol,
20-02-2026 17:12,3,,,ctgan,0.05,472432,118108,16599.0,455833.0,8266.0,480698.0,0.0517268638521483,0.5368575589492922,0.4505413385826771,,protocol,
20-02-2026 17:13,3,,,ctgan,0.1,472432,118108,16599.0,455833.0,35894.0,508326.0,0.1032664077776859,0.5300350502838393,0.4510334645669291,,protocol,
20-02-2026 17:15,3,,,ctgan,0.2,472432,118108,16599.0,455833.0,50000.0,522432.0,0.1274787914982237,0.5345540108807185,0.4510334645669291,,protocol,
20-02-2026 17:15,3,,,tabddpm,0.05,472432,118108,16599.0,455833.0,8266.0,480698.0,0.0517268638521483,0.5373635210210976,0.4458661417322834,,protocol,
20-02-2026 17:16,3,,,tabddpm,0.1,472432,118108,16599.0,455833.0,35894.0,508326.0,0.1032664077776859,0.5310769656697457,0.4448818897637795,,protocol,
20-02-2026 17:17,3,,,tabddpm,0.2,472432,118108,16599.0,455833.0,50000.0,522432.0,0.1274787914982237,0.5341894441036733,0.4507874015748031,,protocol,
22-02-2026 19:53,0,,,baseline,,196846,196847,5835.0,191011.0,0.0,196846.0,0.0296424616197433,0.5368516857111149,0.4409296320206585,,protocol,
22-02-2026 19:53,0,,,ctgan,0.05,196846,196847,5835.0,191011.0,4526.0,201372.0,0.0514520390123751,0.5346776095959956,0.4356358941252421,,protocol,
22-02-2026 19:54,0,,,tabddpm,0.05,196846,196847,5835.0,191011.0,4526.0,201372.0,0.0514520390123751,0.5323199873139955,0.4306003873466753,,protocol,
22-02-2026 19:54,0,,,smote,0.05,196846,196847,5835.0,191011.0,0.0,196846.0,0.05,0.5406743993805011,0.4438992898644286,,protocol,
22-02-2026 19:54,1,,,baseline,,393693,196847,13580.0,380113.0,0.0,393693.0,0.0344938822889916,0.540733508688516,0.4564450091769024,,protocol,
22-02-2026 19:55,1,,,ctgan,0.05,393693,196847,13580.0,380113.0,5000.0,398693.0,0.0466022729267882,0.5424199131597593,0.458562755894395,,protocol,
22-02-2026 19:56,1,,,tabddpm,0.05,393693,196847,13580.0,380113.0,5000.0,398693.0,0.0466022729267882,0.5283333182622265,0.4482563885359311,,protocol,
22-02-2026 19:56,1,,,smote,0.05,393693,196847,13580.0,380113.0,0.0,393693.0,0.05,0.5407538828712782,0.457998023436397,,protocol,
22-02-2026 20:16,0,,,baseline,,196846,196847,5835.0,191011.0,0.0,196846.0,0.0296424616197433,0.5368516857111149,0.4409296320206585,,protocol,
22-02-2026 20:17,0,,,ctgan,0.05,196846,196847,5835.0,191011.0,4526.0,201372.0,0.0514520390123751,0.5391632796528825,0.4438992898644286,,protocol,
22-02-2026 20:17,0,,,ctgan_recency03,0.05,196846,196847,5835.0,191011.0,4526.0,201372.0,0.0514520390123751,0.5343200594161955,0.4378308586184635,recency_frac=0.3,protocol,
22-02-2026 20:18,0,,,tabddpm,0.05,196846,196847,5835.0,191011.0,4526.0,201372.0,0.0514520390123751,0.5323199873139955,0.4306003873466753,,protocol,
22-02-2026 20:18,0,,,tabddpm_recency03,0.05,196846,196847,5835.0,191011.0,4526.0,201372.0,0.0514520390123751,0.5302891881558189,0.4249193027759845,recency_frac=0.3,protocol,
22-02-2026 20:18,0,,,smote,0.05,196846,196847,5835.0,191011.0,0.0,196846.0,0.05,0.5406743993805011,0.4438992898644286,,protocol,
22-02-2026 20:19,0,,,smote_recency03,0.05,196846,196847,5835.0,191011.0,0.0,196846.0,0.05,0.506602561560144,0.4236281471917366,recency_frac=0.3,protocol,
22-02-2026 20:19,1,,,baseline,,393693,196847,13580.0,380113.0,0.0,393693.0,0.0344938822889916,0.540733508688516,0.4564450091769024,,protocol,
22-02-2026 20:20,1,,,ctgan,0.05,393693,196847,13580.0,380113.0,5000.0,398693.0,0.0466022729267882,0.5424876607015781,0.4558802767189044,,protocol,
22-02-2026 20:21,1,,,ctgan_recency03,0.05,393693,196847,13580.0,380113.0,5000.0,398693.0,0.0466022729267882,0.5515415818825149,0.4637865311308767,recency_frac=0.3,protocol,
22-02-2026 20:22,1,,,tabddpm,0.05,393693,196847,13580.0,380113.0,5000.0,398693.0,0.0466022729267882,0.5283333182622265,0.4482563885359311,,protocol,
22-02-2026 20:22,1,,,tabddpm_recency03,0.05,393693,196847,13580.0,380113.0,5000.0,398693.0,0.0466022729267882,0.5332644390465512,0.4512212339404207,recency_frac=0.3,protocol,
22-02-2026 20:23,1,,,smote,0.05,393693,196847,13580.0,380113.0,0.0,393693.0,0.05,0.5407538828712782,0.457998023436397,,protocol,
22-02-2026 20:23,1,,,smote_recency03,0.05,393693,196847,13580.0,380113.0,0.0,393693.0,0.05,0.5323555518470331,0.4491034872229281,recency_frac=0.3,protocol,
22-02-2026 20:25,0,,,baseline,,118108,118108,2826.0,115282.0,0.0,118108.0,0.0239272530226572,0.5434769390312724,0.4575232459847844,,protocol,
22-02-2026 20:26,0,,,ctgan,0.05,118108,118108,2826.0,115282.0,3391.0,121499.0,0.0511691454250652,0.5472749151014523,0.459847844463229,,protocol,
22-02-2026 20:26,0,,,ctgan_recency03,0.05,118108,118108,2826.0,115282.0,3391.0,121499.0,0.0511691454250652,0.5530774104232925,0.4661876584953508,recency_frac=0.3,protocol,
22-02-2026 20:26,0,,,ctgan,0.1,118108,118108,2826.0,115282.0,10298.0,128406.0,0.1022070619752971,0.5604088740259883,0.4714708368554522,,protocol,
22-02-2026 20:27,0,,,ctgan_recency03,0.1,118108,118108,2826.0,115282.0,10298.0,128406.0,0.1022070619752971,0.5521801113218987,0.4623837700760778,recency_frac=0.3,protocol,
22-02-2026 20:27,0,,,ctgan,0.2,118108,118108,2826.0,115282.0,26701.0,144809.0,0.2039030723228528,0.5479637187122639,0.4535080304311074,,protocol,
22-02-2026 20:27,0,,,ctgan_recency03,0.2,118108,118108,2826.0,115282.0,26701.0,144809.0,0.2039030723228528,0.54702878003215,0.4613271344040575,recency_frac=0.3,protocol,
22-02-2026 20:28,0,,,tabddpm,0.05,118108,118108,2826.0,115282.0,3391.0,121499.0,0.0511691454250652,0.5519551386192652,0.4663989856297548,,protocol,
22-02-2026 20:28,0,,,tabddpm_recency03,0.05,118108,118108,2826.0,115282.0,3391.0,121499.0,0.0511691454250652,0.5558609073778594,0.4663989856297548,recency_frac=0.3,protocol,
22-02-2026 20:28,0,,,tabddpm,0.1,118108,118108,2826.0,115282.0,10298.0,128406.0,0.1022070619752971,0.5521443727439841,0.4642857142857143,,protocol,
22-02-2026 20:29,0,,,tabddpm_recency03,0.1,118108,118108,2826.0,115282.0,10298.0,128406.0,0.1022070619752971,0.5522373766801609,0.467032967032967,recency_frac=0.3,protocol,
22-02-2026 20:29,0,,,tabddpm,0.2,118108,118108,2826.0,115282.0,26701.0,144809.0,0.2039030723228528,0.5523865884858846,0.459847844463229,,protocol,
22-02-2026 20:30,0,,,tabddpm_recency03,0.2,118108,118108,2826.0,115282.0,26701.0,144809.0,0.2039030723228528,0.5570719080102438,0.463229078613694,recency_frac=0.3,protocol,
22-02-2026 20:30,0,,,smote,0.05,118108,118108,2826.0,115282.0,0.0,118108.0,0.05,0.5531311584488352,0.4647083685545224,,protocol,
22-02-2026 20:30,0,,,smote_recency03,0.05,118108,118108,2826.0,115282.0,0.0,118108.0,0.05,0.5113547335687898,0.4325866441251056,recency_frac=0.3,protocol,
22-02-2026 20:30,0,,,smote,0.1,118108,118108,2826.0,115282.0,0.0,118108.0,0.1,0.5472202086016348,0.4547759932375317,,protocol,
22-02-2026 20:31,0,,,smote_recency03,0.1,118108,118108,2826.0,115282.0,0.0,118108.0,0.1,0.506680170764318,0.4327979712595097,recency_frac=0.3,protocol,
22-02-2026 20:31,0,,,smote,0.2,118108,118108,2826.0,115282.0,0.0,118108.0,0.2,0.5495679204465815,0.4604818258664412,,protocol,
22-02-2026 20:31,0,,,smote_recency03,0.2,118108,118108,2826.0,115282.0,0.0,118108.0,0.2,0.5178556742696802,0.4401944209636517,recency_frac=0.3,protocol,
22-02-2026 20:31,1,,,baseline,,236216,118108,7558.0,228658.0,0.0,236216.0,0.0319961391269008,0.5778163924869011,0.4785553047404063,,protocol,
22-02-2026 20:32,1,,,ctgan,0.05,236216,118108,7558.0,228658.0,4875.0,241091.0,0.0515697392270968,0.5848569123386618,0.4923250564334085,,protocol,
22-02-2026 20:33,1,,,ctgan_recency03,0.05,236216,118108,7558.0,228658.0,4875.0,241091.0,0.0515697392270968,0.5775640833309752,0.482844243792325,recency_frac=0.3,protocol,
22-02-2026 20:33,1,,,ctgan,0.1,236216,118108,7558.0,228658.0,18689.0,254905.0,0.1029677723073301,0.5776191543390281,0.4794582392776523,,protocol,
22-02-2026 20:34,1,,,ctgan_recency03,0.1,236216,118108,7558.0,228658.0,18689.0,254905.0,0.1029677723073301,0.5792139499196481,0.4871331828442438,recency_frac=0.3,protocol,
22-02-2026 20:35,1,,,ctgan,0.2,236216,118108,7558.0,228658.0,50000.0,286216.0,0.2010998686306845,0.5749894224871177,0.4848758465011287,,protocol,
22-02-2026 20:35,1,,,ctgan_recency03,0.2,236216,118108,7558.0,228658.0,50000.0,286216.0,0.2010998686306845,0.5815527268883847,0.4864559819413092,recency_frac=0.3,protocol,
22-02-2026 20:36,1,,,tabddpm,0.05,236216,118108,7558.0,228658.0,4875.0,241091.0,0.0515697392270968,0.5506236643906282,0.4428893905191873,,protocol,
22-02-2026 20:36,1,,,tabddpm_recency03,0.05,236216,118108,7558.0,228658.0,4875.0,241091.0,0.0515697392270968,0.5641108793776951,0.4670428893905192,recency_frac=0.3,protocol,
22-02-2026 20:37,1,,,tabddpm,0.1,236216,118108,7558.0,228658.0,18689.0,254905.0,0.1029677723073301,0.5618305152117138,0.4641083521444695,,protocol,
22-02-2026 20:38,1,,,tabddpm_recency03,0.1,236216,118108,7558.0,228658.0,18689.0,254905.0,0.1029677723073301,0.5504792807544467,0.445823927765237,recency_frac=0.3,protocol,
22-02-2026 20:39,1,,,tabddpm,0.2,236216,118108,7558.0,228658.0,50000.0,286216.0,0.2010998686306845,0.5611359001415008,0.4688487584650113,,protocol,
22-02-2026 20:40,1,,,tabddpm_recency03,0.2,236216,118108,7558.0,228658.0,50000.0,286216.0,0.2010998686306845,0.5562353600458815,0.4613995485327313,recency_frac=0.3,protocol,
22-02-2026 20:40,1,,,smote,0.05,236216,118108,7558.0,228658.0,0.0,236216.0,0.05,0.5755926017848177,0.4808126410835214,,protocol,
22-02-2026 20:41,1,,,smote_recency03,0.05,236216,118108,7558.0,228658.0,0.0,236216.0,0.05,0.5503443153860006,0.4595936794582392,recency_frac=0.3,protocol,
22-02-2026 20:41,1,,,smote,0.1,236216,118108,7558.0,228658.0,0.0,236216.0,0.1,0.575326004000788,0.4862302483069977,,protocol,
22-02-2026 20:41,1,,,smote_recency03,0.1,236216,118108,7558.0,228658.0,0.0,236216.0,0.1,0.5522267117475519,0.4654627539503386,recency_frac=0.3,protocol,
22-02-2026 20:42,1,,,smote,0.2,236216,118108,7558.0,228658.0,0.0,236216.0,0.2,0.5688939041899804,0.4765237020316027,,protocol,
22-02-2026 20:42,1,,,smote_recency03,0.2,236216,118108,7558.0,228658.0,0.0,236216.0,0.2,0.5476817566223082,0.4661399548532731,recency_frac=0.3,protocol,
22-02-2026 20:42,2,,,baseline,,354324,118108,11988.0,342336.0,0.0,354324.0,0.0338334405798083,0.6007340496930021,0.5046627629581436,,protocol,
22-02-2026 20:43,2,,,ctgan,0.05,354324,118108,11988.0,342336.0,6661.0,360985.0,0.0516614263750571,0.5989596389453558,0.5033615267837779,,protocol,
22-02-2026 20:44,2,,,ctgan_recency03,0.05,354324,118108,11988.0,342336.0,6661.0,360985.0,0.0516614263750571,0.597075614287357,0.5020602906094123,recency_frac=0.3,protocol,
22-02-2026 20:45,2,,,ctgan,0.1,354324,118108,11988.0,342336.0,27382.0,381706.0,0.1031422089251937,0.5966134953550735,0.5020602906094123,,protocol,
22-02-2026 20:46,2,,,ctgan_recency03,0.1,354324,118108,11988.0,342336.0,27382.0,381706.0,0.1031422089251937,0.5955105978923022,0.4940360008674908,recency_frac=0.3,protocol,
22-02-2026 20:47,2,,,ctgan,0.2,354324,118108,11988.0,342336.0,50000.0,404324.0,0.1533126898230132,0.5993388130795133,0.4968553459119497,,protocol,
22-02-2026 20:47,2,,,ctgan_recency03,0.2,354324,118108,11988.0,342336.0,50000.0,404324.0,0.1533126898230132,0.5973198495472114,0.4959878551290392,recency_frac=0.3,protocol,
22-02-2026 20:48,2,,,tabddpm,0.05,354324,118108,11988.0,342336.0,6661.0,360985.0,0.0516614263750571,0.6051643635889506,0.5083495987855129,,protocol,
22-02-2026 20:48,2,,,tabddpm_recency03,0.05,354324,118108,11988.0,342336.0,6661.0,360985.0,0.0516614263750571,0.5991658368872964,0.5033615267837779,recency_frac=0.3,protocol,
22-02-2026 20:49,2,,,tabddpm,0.1,354324,118108,11988.0,342336.0,27382.0,381706.0,0.1031422089251937,0.5957220142943713,0.4992409455649533,,protocol,
22-02-2026 20:50,2,,,tabddpm_recency03,0.1,354324,118108,11988.0,342336.0,27382.0,381706.0,0.1031422089251937,0.5919956786686975,0.499457818260681,recency_frac=0.3,protocol,
22-02-2026 20:52,2,,,tabddpm,0.2,354324,118108,11988.0,342336.0,50000.0,404324.0,0.1533126898230132,0.5921267430266458,0.4979397093905877,,protocol,
22-02-2026 20:53,2,,,tabddpm_recency03,0.2,354324,118108,11988.0,342336.0,50000.0,404324.0,0.1533126898230132,0.5918634361727166,0.4990240728692258,recency_frac=0.3,protocol,
22-02-2026 20:53,2,,,smote,0.05,354324,118108,11988.0,342336.0,0.0,354324.0,0.05,0.5954587448481448,0.4979397093905877,,protocol,
22-02-2026 20:54,2,,,smote_recency03,0.05,354324,118108,11988.0,342336.0,0.0,354324.0,0.05,0.5928265050877306,0.5042290175666884,recency_frac=0.3,protocol,
22-02-2026 20:54,2,,,smote,0.1,354324,118108,11988.0,342336.0,0.0,354324.0,0.1,0.5962484854029583,0.4979397093905877,,protocol,
22-02-2026 20:55,2,,,smote_recency03,0.1,354324,118108,11988.0,342336.0,0.0,354324.0,0.1,0.583933626645368,0.4968553459119497,recency_frac=0.3,protocol,
22-02-2026 20:55,2,,,smote,0.2,354324,118108,11988.0,342336.0,0.0,354324.0,0.2,0.5947635598678997,0.4959878551290392,,protocol,
22-02-2026 20:56,2,,,smote_recency03,0.2,354324,118108,11988.0,342336.0,0.0,354324.0,0.2,0.5766515534659575,0.495554109737584,recency_frac=0.3,protocol,
22-02-2026 20:56,3,,,baseline,,472432,118108,16599.0,455833.0,0.0,472432.0,0.0351352152267416,0.5336896271880447,0.4453740157480315,,protocol,
22-02-2026 20:58,3,,,ctgan,0.05,472432,118108,16599.0,455833.0,8266.0,480698.0,0.0517268638521483,0.5415310008204806,0.4571850393700787,,protocol,
22-02-2026 20:59,3,,,ctgan_recency03,0.05,472432,118108,16599.0,455833.0,8266.0,480698.0,0.0517268638521483,0.536569772410491,0.4502952755905511,recency_frac=0.3,protocol,
22-02-2026 21:00,3,,,ctgan,0.1,472432,118108,16599.0,455833.0,35894.0,508326.0,0.1032664077776859,0.5363500940939718,0.4485728346456692,,protocol,
22-02-2026 21:01,3,,,ctgan_recency03,0.1,472432,118108,16599.0,455833.0,35894.0,508326.0,0.1032664077776859,0.5372700815864188,0.4559547244094488,recency_frac=0.3,protocol,
22-02-2026 21:03,3,,,ctgan,0.2,472432,118108,16599.0,455833.0,50000.0,522432.0,0.1274787914982237,0.5356526567531634,0.4451279527559055,,protocol,
22-02-2026 21:14,3,,,ctgan_recency03,0.2,472432,118108,16599.0,455833.0,50000.0,522432.0,0.1274787914982237,0.5315484083981997,0.4441437007874015,recency_frac=0.3,protocol,
22-02-2026 21:16,3,,,tabddpm,0.05,472432,118108,16599.0,455833.0,8266.0,480698.0,0.0517268638521483,0.5373635210210976,0.4458661417322834,,protocol,
22-02-2026 21:16,3,,,tabddpm_recency03,0.05,472432,118108,16599.0,455833.0,8266.0,480698.0,0.0517268638521483,0.5368114173373947,0.4490649606299212,recency_frac=0.3,protocol,
22-02-2026 21:18,3,,,tabddpm,0.1,472432,118108,16599.0,455833.0,35894.0,508326.0,0.1032664077776859,0.5310769656697457,0.4448818897637795,,protocol,
22-02-2026 21:19,3,,,tabddpm_recency03,0.1,472432,118108,16599.0,455833.0,35894.0,508326.0,0.1032664077776859,0.5329837690410066,0.4409448818897638,recency_frac=0.3,protocol,
22-02-2026 21:20,3,,,tabddpm,0.2,472432,118108,16599.0,455833.0,50000.0,522432.0,0.1274787914982237,0.5341894441036733,0.4507874015748031,,protocol,
22-02-2026 21:21,3,,,tabddpm_recency03,0.2,472432,118108,16599.0,455833.0,50000.0,522432.0,0.1274787914982237,0.5303164842257414,0.4431594488188976,recency_frac=0.3,protocol,
22-02-2026 21:22,3,,,smote,0.05,472432,118108,16599.0,455833.0,0.0,472432.0,0.05,0.5414702431458217,0.4601377952755905,,protocol,
22-02-2026 21:22,3,,,smote_recency03,0.05,472432,118108,16599.0,455833.0,0.0,472432.0,0.05,0.5433660523028017,0.468503937007874,recency_frac=0.3,protocol,
22-02-2026 21:23,3,,,smote,0.1,472432,118108,16599.0,455833.0,0.0,472432.0,0.1,0.53708254697452,0.4566929133858268,,protocol,
22-02-2026 21:23,3,,,smote_recency03,0.1,472432,118108,16599.0,455833.0,0.0,472432.0,0.1,0.5388892186958242,0.4633366141732283,recency_frac=0.3,protocol,
22-02-2026 21:24,3,,,smote,0.2,472432,118108,16599.0,455833.0,0.0,472432.0,0.2,0.5288527073228735,0.4498031496062992,,protocol,
22-02-2026 21:25,3,,,smote_recency03,0.2,472432,118108,16599.0,455833.0,0.0,472432.0,0.2,0.5370225056508496,0.4611220472440945,recency_frac=0.3,protocol,
24-02-2026 10:11,0,,,baseline,,118108,118108,2826.0,115282.0,0.0,118108.0,0.0239272530226572,0.5434769390312724,0.4575232459847844,,protocol,
24-02-2026 10:11,0,,,ctgan,0.05,118108,118108,2826.0,115282.0,3391.0,121499.0,0.0511691454250652,0.5473870925971251,0.4592138630600169,,protocol,
24-02-2026 10:11,0,,,ctgan_recency03,0.05,118108,118108,2826.0,115282.0,3391.0,121499.0,0.0511691454250652,0.5448477939905088,0.4573119188503803,recency_frac=0.3,protocol,
24-02-2026 10:12,0,,,ctgan,0.1,118108,118108,2826.0,115282.0,10298.0,128406.0,0.1022070619752971,0.5537745290279013,0.4619611158072697,,protocol,
24-02-2026 10:12,0,,,ctgan_recency03,0.1,118108,118108,2826.0,115282.0,10298.0,128406.0,0.1022070619752971,0.540860361108186,0.4581572273879966,recency_frac=0.3,protocol,
24-02-2026 10:12,0,,,ctgan,0.2,118108,118108,2826.0,115282.0,26701.0,144809.0,0.2039030723228528,0.5482884830676322,0.4579459002535925,,protocol,
24-02-2026 10:13,0,,,ctgan_recency03,0.2,118108,118108,2826.0,115282.0,26701.0,144809.0,0.2039030723228528,0.5477421350476094,0.4594251901944209,recency_frac=0.3,protocol,
24-02-2026 10:13,0,,,tabddpm,0.05,118108,118108,2826.0,115282.0,3391.0,121499.0,0.0511691454250652,0.5519551386192652,0.4663989856297548,,protocol,
24-02-2026 10:13,0,,,tabddpm_recency03,0.05,118108,118108,2826.0,115282.0,3391.0,121499.0,0.0511691454250652,0.5558609073778594,0.4663989856297548,recency_frac=0.3,protocol,
24-02-2026 10:13,0,,,tabddpm,0.1,118108,118108,2826.0,115282.0,10298.0,128406.0,0.1022070619752971,0.5521443727439841,0.4642857142857143,,protocol,
24-02-2026 10:14,0,,,tabddpm_recency03,0.1,118108,118108,2826.0,115282.0,10298.0,128406.0,0.1022070619752971,0.5522373766801609,0.467032967032967,recency_frac=0.3,protocol,
24-02-2026 10:14,0,,,tabddpm,0.2,118108,118108,2826.0,115282.0,26701.0,144809.0,0.2039030723228528,0.5523865884858846,0.459847844463229,,protocol,
24-02-2026 10:15,0,,,tabddpm_recency03,0.2,118108,118108,2826.0,115282.0,26701.0,144809.0,0.2039030723228528,0.5570719080102438,0.463229078613694,recency_frac=0.3,protocol,
24-02-2026 10:15,0,,,smote,0.05,118108,118108,2826.0,115282.0,0.0,118108.0,0.05,0.5531311584488352,0.4647083685545224,,protocol,
24-02-2026 10:16,0,,,smote_recency03,0.05,118108,118108,2826.0,115282.0,0.0,118108.0,0.05,0.5113547335687898,0.4325866441251056,recency_frac=0.3,protocol,
24-02-2026 10:16,0,,,smote,0.1,118108,118108,2826.0,115282.0,0.0,118108.0,0.1,0.5472202086016348,0.4547759932375317,,protocol,
24-02-2026 10:16,0,,,smote_recency03,0.1,118108,118108,2826.0,115282.0,0.0,118108.0,0.1,0.506680170764318,0.4327979712595097,recency_frac=0.3,protocol,
24-02-2026 10:16,0,,,smote,0.2,118108,118108,2826.0,115282.0,0.0,118108.0,0.2,0.5495679204465815,0.4604818258664412,,protocol,
24-02-2026 10:16,0,,,smote_recency03,0.2,118108,118108,2826.0,115282.0,0.0,118108.0,0.2,0.5178556742696802,0.4401944209636517,recency_frac=0.3,protocol,
24-02-2026 10:17,1,,,baseline,,236216,118108,7558.0,228658.0,0.0,236216.0,0.0319961391269008,0.5778163924869011,0.4785553047404063,,protocol,
24-02-2026 10:17,1,,,ctgan,0.05,236216,118108,7558.0,228658.0,4875.0,241091.0,0.0515697392270968,0.5848569123386618,0.4923250564334085,,protocol,
24-02-2026 10:18,1,,,ctgan_recency03,0.05,236216,118108,7558.0,228658.0,4875.0,241091.0,0.0515697392270968,0.5775640833309752,0.482844243792325,recency_frac=0.3,protocol,
24-02-2026 10:18,1,,,ctgan,0.1,236216,118108,7558.0,228658.0,18689.0,254905.0,0.1029677723073301,0.5776191543390281,0.4794582392776523,,protocol,
24-02-2026 10:19,1,,,ctgan_recency03,0.1,236216,118108,7558.0,228658.0,18689.0,254905.0,0.1029677723073301,0.5792139499196481,0.4871331828442438,recency_frac=0.3,protocol,
24-02-2026 10:20,1,,,ctgan,0.2,236216,118108,7558.0,228658.0,50000.0,286216.0,0.2010998686306845,0.5749894224871177,0.4848758465011287,,protocol,
24-02-2026 10:20,1,,,ctgan_recency03,0.2,236216,118108,7558.0,228658.0,50000.0,286216.0,0.2010998686306845,0.5815527268883847,0.4864559819413092,recency_frac=0.3,protocol,
24-02-2026 10:21,1,,,tabddpm,0.05,236216,118108,7558.0,228658.0,4875.0,241091.0,0.0515697392270968,0.5506236643906282,0.4428893905191873,,protocol,
24-02-2026 10:21,1,,,tabddpm_recency03,0.05,236216,118108,7558.0,228658.0,4875.0,241091.0,0.0515697392270968,0.5641108793776951,0.4670428893905192,recency_frac=0.3,protocol,
24-02-2026 10:22,1,,,tabddpm,0.1,236216,118108,7558.0,228658.0,18689.0,254905.0,0.1029677723073301,0.5618305152117138,0.4641083521444695,,protocol,
24-02-2026 10:22,1,,,tabddpm_recency03,0.1,236216,118108,7558.0,228658.0,18689.0,254905.0,0.1029677723073301,0.5504792807544467,0.445823927765237,recency_frac=0.3,protocol,
24-02-2026 10:23,1,,,tabddpm,0.2,236216,118108,7558.0,228658.0,50000.0,286216.0,0.2010998686306845,0.5611359001415008,0.4688487584650113,,protocol,
24-02-2026 10:24,1,,,tabddpm_recency03,0.2,236216,118108,7558.0,228658.0,50000.0,286216.0,0.2010998686306845,0.5562353600458815,0.4613995485327313,recency_frac=0.3,protocol,
24-02-2026 10:25,1,,,smote,0.05,236216,118108,7558.0,228658.0,0.0,236216.0,0.05,0.5755926017848177,0.4808126410835214,,protocol,
24-02-2026 10:25,1,,,smote_recency03,0.05,236216,118108,7558.0,228658.0,0.0,236216.0,0.05,0.5503443153860006,0.4595936794582392,recency_frac=0.3,protocol,
24-02-2026 10:25,1,,,smote,0.1,236216,118108,7558.0,228658.0,0.0,236216.0,0.1,0.575326004000788,0.4862302483069977,,protocol,
24-02-2026 10:25,1,,,smote_recency03,0.1,236216,118108,7558.0,228658.0,0.0,236216.0,0.1,0.5522267117475519,0.4654627539503386,recency_frac=0.3,protocol,
24-02-2026 10:26,1,,,smote,0.2,236216,118108,7558.0,228658.0,0.0,236216.0,0.2,0.5688939041899804,0.4765237020316027,,protocol,
24-02-2026 10:26,1,,,smote_recency03,0.2,236216,118108,7558.0,228658.0,0.0,236216.0,0.2,0.5476817566223082,0.4661399548532731,recency_frac=0.3,protocol,
24-02-2026 10:27,2,,,baseline,,354324,118108,11988.0,342336.0,0.0,354324.0,0.0338334405798083,0.6007340496930021,0.5046627629581436,,protocol,
24-02-2026 10:28,2,,,ctgan,0.05,354324,118108,11988.0,342336.0,6661.0,360985.0,0.0516614263750571,0.5989596389453558,0.5033615267837779,,protocol,
24-02-2026 10:28,2,,,ctgan_recency03,0.05,354324,118108,11988.0,342336.0,6661.0,360985.0,0.0516614263750571,0.597075614287357,0.5020602906094123,recency_frac=0.3,protocol,
24-02-2026 10:29,2,,,ctgan,0.1,354324,118108,11988.0,342336.0,27382.0,381706.0,0.1031422089251937,0.5966134953550735,0.5020602906094123,,protocol,
24-02-2026 10:30,2,,,ctgan_recency03,0.1,354324,118108,11988.0,342336.0,27382.0,381706.0,0.1031422089251937,0.5955105978923022,0.4940360008674908,recency_frac=0.3,protocol,
24-02-2026 10:31,2,,,ctgan,0.2,354324,118108,11988.0,342336.0,50000.0,404324.0,0.1533126898230132,0.5993388130795133,0.4968553459119497,,protocol,
24-02-2026 10:31,2,,,ctgan_recency03,0.2,354324,118108,11988.0,342336.0,50000.0,404324.0,0.1533126898230132,0.5973198495472114,0.4959878551290392,recency_frac=0.3,protocol,
24-02-2026 10:32,2,,,tabddpm,0.05,354324,118108,11988.0,342336.0,6661.0,360985.0,0.0516614263750571,0.6051643635889506,0.5083495987855129,,protocol,
24-02-2026 10:32,2,,,tabddpm_recency03,0.05,354324,118108,11988.0,342336.0,6661.0,360985.0,0.0516614263750571,0.5991658368872964,0.5033615267837779,recency_frac=0.3,protocol,
24-02-2026 10:33,2,,,tabddpm,0.1,354324,118108,11988.0,342336.0,27382.0,381706.0,0.1031422089251937,0.5957220142943713,0.4992409455649533,,protocol,
24-02-2026 10:34,2,,,tabddpm_recency03,0.1,354324,118108,11988.0,342336.0,27382.0,381706.0,0.1031422089251937,0.5919956786686975,0.499457818260681,recency_frac=0.3,protocol,
24-02-2026 10:35,2,,,tabddpm,0.2,354324,118108,11988.0,342336.0,50000.0,404324.0,0.1533126898230132,0.5921267430266458,0.4979397093905877,,protocol,
24-02-2026 10:36,2,,,tabddpm_recency03,0.2,354324,118108,11988.0,342336.0,50000.0,404324.0,0.1533126898230132,0.5918634361727166,0.4990240728692258,recency_frac=0.3,protocol,
24-02-2026 10:37,2,,,smote,0.05,354324,118108,11988.0,342336.0,0.0,354324.0,0.05,0.5954587448481448,0.4979397093905877,,protocol,
24-02-2026 10:37,2,,,smote_recency03,0.05,354324,118108,11988.0,342336.0,0.0,354324.0,0.05,0.5928265050877306,0.5042290175666884,recency_frac=0.3,protocol,
24-02-2026 10:37,2,,,smote,0.1,354324,118108,11988.0,342336.0,0.0,354324.0,0.1,0.5962484854029583,0.4979397093905877,,protocol,
24-02-2026 10:38,2,,,smote_recency03,0.1,354324,118108,11988.0,342336.0,0.0,354324.0,0.1,0.583933626645368,0.4968553459119497,recency_frac=0.3,protocol,
24-02-2026 10:38,2,,,smote,0.2,354324,118108,11988.0,342336.0,0.0,354324.0,0.2,0.5947635598678997,0.4959878551290392,,protocol,
24-02-2026 10:39,2,,,smote_recency03,0.2,354324,118108,11988.0,342336.0,0.0,354324.0,0.2,0.5766515534659575,0.495554109737584,recency_frac=0.3,protocol,
24-02-2026 10:39,3,,,baseline,,472432,118108,16599.0,455833.0,0.0,472432.0,0.0351352152267416,0.5336896271880447,0.4453740157480315,,protocol,
24-02-2026 10:40,3,,,ctgan,0.05,472432,118108,16599.0,455833.0,8266.0,480698.0,0.0517268638521483,0.5415310008204806,0.4571850393700787,,protocol,
24-02-2026 10:41,3,,,ctgan_recency03,0.05,472432,118108,16599.0,455833.0,8266.0,480698.0,0.0517268638521483,0.536569772410491,0.4502952755905511,recency_frac=0.3,protocol,
24-02-2026 10:43,3,,,ctgan,0.1,472432,118108,16599.0,455833.0,35894.0,508326.0,0.1032664077776859,0.5363500940939718,0.4485728346456692,,protocol,
24-02-2026 10:43,3,,,ctgan_recency03,0.1,472432,118108,16599.0,455833.0,35894.0,508326.0,0.1032664077776859,0.5372700815864188,0.4559547244094488,recency_frac=0.3,protocol,
24-02-2026 10:45,3,,,ctgan,0.2,472432,118108,16599.0,455833.0,50000.0,522432.0,0.1274787914982237,0.5356526567531634,0.4451279527559055,,protocol,
24-02-2026 10:46,3,,,ctgan_recency03,0.2,472432,118108,16599.0,455833.0,50000.0,522432.0,0.1274787914982237,0.5315484083981997,0.4441437007874015,recency_frac=0.3,protocol,
24-02-2026 10:46,3,,,tabddpm,0.05,472432,118108,16599.0,455833.0,8266.0,480698.0,0.0517268638521483,0.5373635210210976,0.4458661417322834,,protocol,
24-02-2026 10:47,3,,,tabddpm_recency03,0.05,472432,118108,16599.0,455833.0,8266.0,480698.0,0.0517268638521483,0.5368114173373947,0.4490649606299212,recency_frac=0.3,protocol,
24-02-2026 10:48,3,,,tabddpm,0.1,472432,118108,16599.0,455833.0,35894.0,508326.0,0.1032664077776859,0.5310769656697457,0.4448818897637795,,protocol,
24-02-2026 10:49,3,,,tabddpm_recency03,0.1,472432,118108,16599.0,455833.0,35894.0,508326.0,0.1032664077776859,0.5329837690410066,0.4409448818897638,recency_frac=0.3,protocol,
24-02-2026 10:50,3,,,tabddpm,0.2,472432,118108,16599.0,455833.0,50000.0,522432.0,0.1274787914982237,0.5341894441036733,0.4507874015748031,,protocol,
24-02-2026 10:51,3,,,tabddpm_recency03,0.2,472432,118108,16599.0,455833.0,50000.0,522432.0,0.1274787914982237,0.5303164842257414,0.4431594488188976,recency_frac=0.3,protocol,
24-02-2026 10:52,3,,,smote,0.05,472432,118108,16599.0,455833.0,0.0,472432.0,0.05,0.5414702431458217,0.4601377952755905,,protocol,
24-02-2026 10:52,3,,,smote_recency03,0.05,472432,118108,16599.0,455833.0,0.0,472432.0,0.05,0.5433660523028017,0.468503937007874,recency_frac=0.3,protocol,
24-02-2026 10:53,3,,,smote,0.1,472432,118108,16599.0,455833.0,0.0,472432.0,0.1,0.53708254697452,0.4566929133858268,,protocol,
24-02-2026 10:53,3,,,smote_recency03,0.1,472432,118108,16599.0,455833.0,0.0,472432.0,0.1,0.5388892186958242,0.4633366141732283,recency_frac=0.3,protocol,
24-02-2026 10:54,3,,,smote,0.2,472432,118108,16599.0,455833.0,0.0,472432.0,0.2,0.5288527073228735,0.4498031496062992,,protocol,
24-02-2026 10:54,3,,,smote_recency03,0.2,472432,118108,16599.0,455833.0,0.0,472432.0,0.2,0.5370225056508496,0.4611220472440945,recency_frac=0.3,protocol,
25-02-2026 13:17,0,,,baseline,,77964,118108,2080.0,75884.0,0.0,77964.0,0.0266789800420707,0.5396662521253219,0.4503381234150465,,protocol,
25-02-2026 13:18,0,,,ctgan,0.05,77964,118108,2080.0,75884.0,2024.0,79988.0,0.0513076961544231,0.5382343054386378,0.4471682163989856,,protocol,
25-02-2026 13:18,0,,,tabddpm,0.05,77964,118108,2080.0,75884.0,2024.0,79988.0,0.0513076961544231,0.5381899434455075,0.4382924767540152,,protocol,
25-02-2026 13:18,0,,,smote,0.05,77964,118108,2080.0,75884.0,0.0,77964.0,0.05,0.5368943655743925,0.4416737109044801,,protocol,
25-02-2026 13:18,1,,,baseline,,214078,118108,6533.0,207545.0,0.0,214078.0,0.0305169143956875,0.5282931743159744,0.428216704288939,,protocol,
25-02-2026 13:19,1,,,ctgan,0.05,214078,118108,6533.0,207545.0,4735.0,218813.0,0.0514960262872864,0.5290077040571659,0.4322799097065463,,protocol,
25-02-2026 13:19,1,,,tabddpm,0.05,214078,118108,6533.0,207545.0,4735.0,218813.0,0.0514960262872864,0.5119105138443747,0.4036117381489842,,protocol,
25-02-2026 13:20,1,,,smote,0.05,214078,118108,6533.0,207545.0,0.0,214078.0,0.05,0.525752050822183,0.4334085778781038,,protocol,
25-02-2026 13:20,2,,,baseline,,331489,118108,11205.0,320284.0,0.0,331489.0,0.0338020266132511,0.5767117608801408,0.4805898937323791,,protocol,
25-02-2026 13:21,2,,,ctgan,0.05,331489,118108,11205.0,320284.0,6242.0,337731.0,0.0516594567866142,0.5778573911299556,0.483409238776838,,protocol,
25-02-2026 13:31,2,,,tabddpm,0.05,331489,118108,11205.0,320284.0,6242.0,337731.0,0.0516594567866142,0.5799223777164296,0.4925178919973975,,protocol,
25-02-2026 13:31,2,,,smote,0.05,331489,118108,11205.0,320284.0,0.0,331489.0,0.05,0.5853691556944217,0.4912166558230318,,protocol,
25-02-2026 13:32,3,,,baseline,,453779,118108,15994.0,437785.0,0.0,453779.0,0.0352462321967301,0.5238525764736611,0.4387303149606299,,protocol,
25-02-2026 13:33,3,,,ctgan,0.05,453779,118108,15994.0,437785.0,7890.0,461669.0,0.051734034557226,0.5257870268924952,0.4411909448818897,,protocol,
25-02-2026 14:05,3,,,tabddpm,0.05,453779,118108,15994.0,437785.0,7890.0,461669.0,0.051734034557226,0.5274633533576355,0.4434055118110236,,protocol,
25-02-2026 14:38,3,,,smote,0.05,453779,118108,15994.0,437785.0,0.0,453779.0,0.05,0.524578166959317,0.4414370078740157,,protocol,
26-02-2026 08:51,0,,,baseline,,155664,196847,4182.0,151482.0,0.0,155664.0,0.0268655565834104,0.5076344186698655,0.4174306003873467,,protocol,
26-02-2026 08:52,0,,,ctgan,0.05,155664,196847,4182.0,151482.0,4011.0,159675.0,0.0513104744011272,0.5136192034152693,0.4182052937378954,,protocol,
26-02-2026 08:52,0,,,tabddpm,0.05,155664,196847,4182.0,151482.0,4011.0,159675.0,0.0513104744011272,0.5032477917758917,0.399354422207876,,protocol,
26-02-2026 08:52,0,,,smote,0.05,155664,196847,4182.0,151482.0,0.0,155664.0,0.05,0.5165501497470024,0.4268560361523563,,protocol,
26-02-2026 08:52,1,,,baseline,,351729,196847,11898.0,339831.0,0.0,351729.0,0.0338271794478135,0.527865295448561,0.434561626429479,,protocol,
26-02-2026 09:01,1,,,ctgan,0.05,351729,196847,11898.0,339831.0,5000.0,356729.0,0.0473692915350307,0.5315798735081178,0.4536213468869123,,protocol,
26-02-2026 09:01,1,,,tabddpm,0.05,351729,196847,11898.0,339831.0,5000.0,356729.0,0.0473692915350307,0.5263921528946935,0.4443032613299449,,protocol,
26-02-2026 09:02,1,,,smote,0.05,351729,196847,11898.0,339831.0,0.0,351729.0,0.05,0.5281762324958702,0.4423266977269519,,protocol,
03-03-2026 13:12,0,0.0,20260303_131220,baseline,,118108,118108,2826.0,115282.0,0.0,118108.0,0.0239272530226572,0.5434769390312724,0.4575232459847844,,protocol,
03-03-2026 13:13,0,0.0,20260303_131220,ctgan,0.05,118108,118108,2826.0,115282.0,3391.0,121499.0,0.0511691454250652,0.5491414474509857,0.4644970414201183,,protocol,
03-03-2026 13:13,0,0.0,20260303_131220,ctgan_recency03,0.05,118108,118108,2826.0,115282.0,3391.0,121499.0,0.0511691454250652,0.5478099240867118,0.4663989856297548,recency_frac=0.3,protocol,
03-03-2026 13:13,0,0.0,20260303_131220,ctgan,0.1,118108,118108,2826.0,115282.0,10298.0,128406.0,0.1022070619752971,0.5595774596693993,0.4647083685545224,,protocol,
03-03-2026 13:13,0,0.0,20260303_131220,ctgan_recency03,0.1,118108,118108,2826.0,115282.0,10298.0,128406.0,0.1022070619752971,0.541354907582304,0.4547759932375317,recency_frac=0.3,protocol,
03-03-2026 13:14,0,0.0,20260303_131220,ctgan,0.2,118108,118108,2826.0,115282.0,26701.0,144809.0,0.2039030723228528,0.5486572925076946,0.4551986475063398,,protocol,
03-03-2026 13:14,0,0.0,20260303_131220,ctgan_recency03,0.2,118108,118108,2826.0,115282.0,26701.0,144809.0,0.2039030723228528,0.5454835285595827,0.4509721048182586,recency_frac=0.3,protocol,
03-03-2026 13:14,0,0.0,20260303_131220,tabddpm,0.05,118108,118108,2826.0,115282.0,3391.0,121499.0,0.0511691454250652,0.5519551386192652,0.4663989856297548,,protocol,
03-03-2026 13:15,0,0.0,20260303_131220,tabddpm_recency03,0.05,118108,118108,2826.0,115282.0,3391.0,121499.0,0.0511691454250652,0.5558609073778594,0.4663989856297548,recency_frac=0.3,protocol,
03-03-2026 13:15,0,0.0,20260303_131220,tabddpm,0.1,118108,118108,2826.0,115282.0,10298.0,128406.0,0.1022070619752971,0.5521443727439841,0.4642857142857143,,protocol,
03-03-2026 13:15,0,0.0,20260303_131220,tabddpm_recency03,0.1,118108,118108,2826.0,115282.0,10298.0,128406.0,0.1022070619752971,0.5522373766801609,0.467032967032967,recency_frac=0.3,protocol,
03-03-2026 13:16,0,0.0,20260303_131220,tabddpm,0.2,118108,118108,2826.0,115282.0,26701.0,144809.0,0.2039030723228528,0.5523865884858846,0.459847844463229,,protocol,
03-03-2026 13:16,0,0.0,20260303_131220,tabddpm_recency03,0.2,118108,118108,2826.0,115282.0,26701.0,144809.0,0.2039030723228528,0.5570719080102438,0.463229078613694,recency_frac=0.3,protocol,
03-03-2026 13:17,0,0.0,20260303_131220,smote,0.05,118108,118108,2826.0,115282.0,0.0,118108.0,0.05,0.5531311584488352,0.4647083685545224,,protocol,
03-03-2026 13:17,0,0.0,20260303_131220,smote_recency03,0.05,118108,118108,2826.0,115282.0,0.0,118108.0,0.05,0.5113547335687898,0.4325866441251056,recency_frac=0.3,protocol,
03-03-2026 13:17,0,0.0,20260303_131220,smote,0.1,118108,118108,2826.0,115282.0,0.0,118108.0,0.1,0.5472202086016348,0.4547759932375317,,protocol,
03-03-2026 13:17,0,0.0,20260303_131220,smote_recency03,0.1,118108,118108,2826.0,115282.0,0.0,118108.0,0.1,0.506680170764318,0.4327979712595097,recency_frac=0.3,protocol,
03-03-2026 13:18,0,0.0,20260303_131220,smote,0.2,118108,118108,2826.0,115282.0,0.0,118108.0,0.2,0.5495679204465815,0.4604818258664412,,protocol,
03-03-2026 13:18,0,0.0,20260303_131220,smote_recency03,0.2,118108,118108,2826.0,115282.0,0.0,118108.0,0.2,0.5178556742696802,0.4401944209636517,recency_frac=0.3,protocol,
03-03-2026 13:18,1,0.0,20260303_131220,baseline,,236216,118108,7558.0,228658.0,0.0,236216.0,0.0319961391269008,0.5778163924869011,0.4785553047404063,,protocol,
03-03-2026 13:19,1,0.0,20260303_131220,ctgan,0.05,236216,118108,7558.0,228658.0,4875.0,241091.0,0.0515697392270968,0.5848569123386618,0.4923250564334085,,protocol,
03-03-2026 13:19,1,0.0,20260303_131220,ctgan_recency03,0.05,236216,118108,7558.0,228658.0,4875.0,241091.0,0.0515697392270968,0.5775640833309752,0.482844243792325,recency_frac=0.3,protocol,
03-03-2026 13:20,1,0.0,20260303_131220,ctgan,0.1,236216,118108,7558.0,228658.0,18689.0,254905.0,0.1029677723073301,0.5776191543390281,0.4794582392776523,,protocol,
03-03-2026 13:20,1,0.0,20260303_131220,ctgan_recency03,0.1,236216,118108,7558.0,228658.0,18689.0,254905.0,0.1029677723073301,0.5792139499196481,0.4871331828442438,recency_frac=0.3,protocol,
03-03-2026 13:21,1,0.0,20260303_131220,ctgan,0.2,236216,118108,7558.0,228658.0,50000.0,286216.0,0.2010998686306845,0.5749894224871177,0.4848758465011287,,protocol,
03-03-2026 13:22,1,0.0,20260303_131220,ctgan_recency03,0.2,236216,118108,7558.0,228658.0,50000.0,286216.0,0.2010998686306845,0.5815527268883847,0.4864559819413092,recency_frac=0.3,protocol,
03-03-2026 13:22,1,0.0,20260303_131220,tabddpm,0.05,236216,118108,7558.0,228658.0,4875.0,241091.0,0.0515697392270968,0.5506236643906282,0.4428893905191873,,protocol,
03-03-2026 13:22,1,0.0,20260303_131220,tabddpm_recency03,0.05,236216,118108,7558.0,228658.0,4875.0,241091.0,0.0515697392270968,0.5641108793776951,0.4670428893905192,recency_frac=0.3,protocol,
03-03-2026 13:23,1,0.0,20260303_131220,tabddpm,0.1,236216,118108,7558.0,228658.0,18689.0,254905.0,0.1029677723073301,0.5618305152117138,0.4641083521444695,,protocol,
03-03-2026 13:24,1,0.0,20260303_131220,tabddpm_recency03,0.1,236216,118108,7558.0,228658.0,18689.0,254905.0,0.1029677723073301,0.5504792807544467,0.445823927765237,recency_frac=0.3,protocol,
03-03-2026 13:25,1,0.0,20260303_131220,tabddpm,0.2,236216,118108,7558.0,228658.0,50000.0,286216.0,0.2010998686306845,0.5611359001415008,0.4688487584650113,,protocol,
03-03-2026 13:26,1,0.0,20260303_131220,tabddpm_recency03,0.2,236216,118108,7558.0,228658.0,50000.0,286216.0,0.2010998686306845,0.5562353600458815,0.4613995485327313,recency_frac=0.3,protocol,
03-03-2026 13:26,1,0.0,20260303_131220,smote,0.05,236216,118108,7558.0,228658.0,0.0,236216.0,0.05,0.5755926017848177,0.4808126410835214,,protocol,
03-03-2026 13:26,1,0.0,20260303_131220,smote_recency03,0.05,236216,118108,7558.0,228658.0,0.0,236216.0,0.05,0.5503443153860006,0.4595936794582392,recency_frac=0.3,protocol,
03-03-2026 13:26,1,0.0,20260303_131220,smote,0.1,236216,118108,7558.0,228658.0,0.0,236216.0,0.1,0.575326004000788,0.4862302483069977,,protocol,
03-03-2026 13:27,1,0.0,20260303_131220,smote_recency03,0.1,236216,118108,7558.0,228658.0,0.0,236216.0,0.1,0.5522267117475519,0.4654627539503386,recency_frac=0.3,protocol,
03-03-2026 13:27,1,0.0,20260303_131220,smote,0.2,236216,118108,7558.0,228658.0,0.0,236216.0,0.2,0.5688939041899804,0.4765237020316027,,protocol,
03-03-2026 13:27,1,0.0,20260303_131220,smote_recency03,0.2,236216,118108,7558.0,228658.0,0.0,236216.0,0.2,0.5476817566223082,0.4661399548532731,recency_frac=0.3,protocol,
03-03-2026 13:28,2,0.0,20260303_131220,baseline,,354324,118108,11988.0,342336.0,0.0,354324.0,0.0338334405798083,0.6007340496930021,0.5046627629581436,,protocol,
03-03-2026 13:29,2,0.0,20260303_131220,ctgan,0.05,354324,118108,11988.0,342336.0,6661.0,360985.0,0.0516614263750571,0.5989596389453558,0.5033615267837779,,protocol,
03-03-2026 13:30,2,0.0,20260303_131220,ctgan_recency03,0.05,354324,118108,11988.0,342336.0,6661.0,360985.0,0.0516614263750571,0.597075614287357,0.5020602906094123,recency_frac=0.3,protocol,
03-03-2026 13:33,2,0.0,20260303_131220,ctgan,0.1,354324,118108,11988.0,342336.0,27382.0,381706.0,0.1031422089251937,0.5966134953550735,0.5020602906094123,,protocol,
03-03-2026 13:55,2,0.0,20260303_131220,ctgan_recency03,0.1,354324,118108,11988.0,342336.0,27382.0,381706.0,0.1031422089251937,0.5955105978923022,0.4940360008674908,recency_frac=0.3,protocol,
03-03-2026 13:57,2,0.0,20260303_131220,ctgan,0.2,354324,118108,11988.0,342336.0,50000.0,404324.0,0.1533126898230132,0.5993388130795133,0.4968553459119497,,protocol,
03-03-2026 14:12,2,0.0,20260303_131220,ctgan_recency03,0.2,354324,118108,11988.0,342336.0,50000.0,404324.0,0.1533126898230132,0.5973198495472114,0.4959878551290392,recency_frac=0.3,protocol,
03-03-2026 14:13,2,0.0,20260303_131220,tabddpm,0.05,354324,118108,11988.0,342336.0,6661.0,360985.0,0.0516614263750571,0.6051643635889506,0.5083495987855129,,protocol,
03-03-2026 14:20,2,0.0,20260303_131220,tabddpm_recency03,0.05,354324,118108,11988.0,342336.0,6661.0,360985.0,0.0516614263750571,0.5991658368872964,0.5033615267837779,recency_frac=0.3,protocol,
03-03-2026 15:04,2,0.0,20260303_131220,tabddpm,0.1,354324,118108,11988.0,342336.0,27382.0,381706.0,0.1031422089251937,0.5957220142943713,0.4992409455649533,,protocol,
03-03-2026 15:09,2,0.0,20260303_131220,tabddpm_recency03,0.1,354324,118108,11988.0,342336.0,27382.0,381706.0,0.1031422089251937,0.5919956786686975,0.499457818260681,recency_frac=0.3,protocol,
03-03-2026 15:11,2,0.0,20260303_131220,tabddpm,0.2,354324,118108,11988.0,342336.0,50000.0,404324.0,0.1533126898230132,0.5921267430266458,0.4979397093905877,,protocol,
03-03-2026 15:12,2,0.0,20260303_131220,tabddpm_recency03,0.2,354324,118108,11988.0,342336.0,50000.0,404324.0,0.1533126898230132,0.5918634361727166,0.4990240728692258,recency_frac=0.3,protocol,
03-03-2026 15:12,2,0.0,20260303_131220,smote,0.05,354324,118108,11988.0,342336.0,0.0,354324.0,0.05,0.5954587448481448,0.4979397093905877,,protocol,
03-03-2026 15:12,2,0.0,20260303_131220,smote_recency03,0.05,354324,118108,11988.0,342336.0,0.0,354324.0,0.05,0.5928265050877306,0.5042290175666884,recency_frac=0.3,protocol,
03-03-2026 15:13,2,0.0,20260303_131220,smote,0.1,354324,118108,11988.0,342336.0,0.0,354324.0,0.1,0.5962484854029583,0.4979397093905877,,protocol,
03-03-2026 15:13,2,0.0,20260303_131220,smote_recency03,0.1,354324,118108,11988.0,342336.0,0.0,354324.0,0.1,0.583933626645368,0.4968553459119497,recency_frac=0.3,protocol,
03-03-2026 15:14,2,0.0,20260303_131220,smote,0.2,354324,118108,11988.0,342336.0,0.0,354324.0,0.2,0.5947635598678997,0.4959878551290392,,protocol,
03-03-2026 15:14,2,0.0,20260303_131220,smote_recency03,0.2,354324,118108,11988.0,342336.0,0.0,354324.0,0.2,0.5766515534659575,0.495554109737584,recency_frac=0.3,protocol,
03-03-2026 15:15,3,0.0,20260303_131220,baseline,,472432,118108,16599.0,455833.0,0.0,472432.0,0.0351352152267416,0.5336896271880447,0.4453740157480315,,protocol,
03-03-2026 15:16,3,0.0,20260303_131220,ctgan,0.05,472432,118108,16599.0,455833.0,8266.0,480698.0,0.0517268638521483,0.5415310008204806,0.4571850393700787,,protocol,
03-03-2026 15:17,3,0.0,20260303_131220,ctgan_recency03,0.05,472432,118108,16599.0,455833.0,8266.0,480698.0,0.0517268638521483,0.536569772410491,0.4502952755905511,recency_frac=0.3,protocol,
03-03-2026 15:18,3,0.0,20260303_131220,ctgan,0.1,472432,118108,16599.0,455833.0,35894.0,508326.0,0.1032664077776859,0.5363500940939718,0.4485728346456692,,protocol,
03-03-2026 15:19,3,0.0,20260303_131220,ctgan_recency03,0.1,472432,118108,16599.0,455833.0,35894.0,508326.0,0.1032664077776859,0.5372700815864188,0.4559547244094488,recency_frac=0.3,protocol,
03-03-2026 15:20,3,0.0,20260303_131220,ctgan,0.2,472432,118108,16599.0,455833.0,50000.0,522432.0,0.1274787914982237,0.5356526567531634,0.4451279527559055,,protocol,
03-03-2026 15:21,3,0.0,20260303_131220,ctgan_recency03,0.2,472432,118108,16599.0,455833.0,50000.0,522432.0,0.1274787914982237,0.5315484083981997,0.4441437007874015,recency_frac=0.3,protocol,
03-03-2026 15:22,3,0.0,20260303_131220,tabddpm,0.05,472432,118108,16599.0,455833.0,8266.0,480698.0,0.0517268638521483,0.5373635210210976,0.4458661417322834,,protocol,
03-03-2026 15:23,3,0.0,20260303_131220,tabddpm_recency03,0.05,472432,118108,16599.0,455833.0,8266.0,480698.0,0.0517268638521483,0.5368114173373947,0.4490649606299212,recency_frac=0.3,protocol,
03-03-2026 15:23,3,0.0,20260303_131220,tabddpm,0.1,472432,118108,16599.0,455833.0,35894.0,508326.0,0.1032664077776859,0.5310769656697457,0.4448818897637795,,protocol,
03-03-2026 15:24,3,0.0,20260303_131220,tabddpm_recency03,0.1,472432,118108,16599.0,455833.0,35894.0,508326.0,0.1032664077776859,0.5329837690410066,0.4409448818897638,recency_frac=0.3,protocol,
03-03-2026 15:26,3,0.0,20260303_131220,tabddpm,0.2,472432,118108,16599.0,455833.0,50000.0,522432.0,0.1274787914982237,0.5341894441036733,0.4507874015748031,,protocol,
03-03-2026 15:27,3,0.0,20260303_131220,tabddpm_recency03,0.2,472432,118108,16599.0,455833.0,50000.0,522432.0,0.1274787914982237,0.5303164842257414,0.4431594488188976,recency_frac=0.3,protocol,
03-03-2026 15:27,3,0.0,20260303_131220,smote,0.05,472432,118108,16599.0,455833.0,0.0,472432.0,0.05,0.5414702431458217,0.4601377952755905,,protocol,
03-03-2026 15:28,3,0.0,20260303_131220,smote_recency03,0.05,472432,118108,16599.0,455833.0,0.0,472432.0,0.05,0.5433660523028017,0.468503937007874,recency_frac=0.3,protocol,
03-03-2026 15:28,3,0.0,20260303_131220,smote,0.1,472432,118108,16599.0,455833.0,0.0,472432.0,0.1,0.53708254697452,0.4566929133858268,,protocol,
03-03-2026 15:29,3,0.0,20260303_131220,smote_recency03,0.1,472432,118108,16599.0,455833.0,0.0,472432.0,0.1,0.5388892186958242,0.4633366141732283,recency_frac=0.3,protocol,
03-03-2026 15:29,3,0.0,20260303_131220,smote,0.2,472432,118108,16599.0,455833.0,0.0,472432.0,0.2,0.5288527073228735,0.4498031496062992,,protocol,
03-03-2026 15:30,3,0.0,20260303_131220,smote_recency03,0.2,472432,118108,16599.0,455833.0,0.0,472432.0,0.2,0.5370225056508496,0.4611220472440945,recency_frac=0.3,protocol,
04-03-2026 11:41,0,14.0,20260304_114029,baseline,,155664,196847,4182.0,151482.0,0.0,155664.0,0.0268655565834104,0.5076344186698655,0.4174306003873467,,protocol,
04-03-2026 11:41,0,14.0,20260304_114029,ctgan,0.05,155664,196847,4182.0,151482.0,4011.0,159675.0,0.0513104744011272,0.5108619344350596,0.4143318269851517,,protocol,
04-03-2026 11:42,0,14.0,20260304_114029,ctgan_recency03,0.05,155664,196847,4182.0,151482.0,4011.0,159675.0,0.0513104744011272,0.5160203343416616,0.4170432537120723,recency_frac=0.3,protocol,
04-03-2026 11:43,0,14.0,20260304_114029,tabddpm,0.05,155664,196847,4182.0,151482.0,4011.0,159675.0,0.0513104744011272,0.5032477917758917,0.399354422207876,,protocol,
04-03-2026 11:43,0,14.0,20260304_114029,tabddpm_recency03,0.05,155664,196847,4182.0,151482.0,4011.0,159675.0,0.0513104744011272,0.5049876303559828,0.4077469335054874,recency_frac=0.3,protocol,
04-03-2026 11:43,0,14.0,20260304_114029,smote,0.05,155664,196847,4182.0,151482.0,0.0,155664.0,0.05,0.5165501497470024,0.4268560361523563,,protocol,
04-03-2026 11:44,0,14.0,20260304_114029,smote_recency03,0.05,155664,196847,4182.0,151482.0,0.0,155664.0,0.05,0.4641906118567539,0.3900581020012911,recency_frac=0.3,protocol,
04-03-2026 11:44,1,14.0,20260304_114029,baseline,,351729,196847,11898.0,339831.0,0.0,351729.0,0.0338271794478135,0.527865295448561,0.434561626429479,,protocol,
04-03-2026 11:46,1,14.0,20260304_114029,ctgan,0.05,351729,196847,11898.0,339831.0,5000.0,356729.0,0.0473692915350307,0.5282088746281032,0.4379500211774672,,protocol,
04-03-2026 11:46,1,14.0,20260304_114029,ctgan_recency03,0.05,351729,196847,11898.0,339831.0,5000.0,356729.0,0.0473692915350307,0.523752761386064,0.4431737964139489,recency_frac=0.3,protocol,
04-03-2026 11:47,1,14.0,20260304_114029,tabddpm,0.05,351729,196847,11898.0,339831.0,5000.0,356729.0,0.0473692915350307,0.5263921528946935,0.4443032613299449,,protocol,
04-03-2026 11:48,1,14.0,20260304_114029,tabddpm_recency03,0.05,351729,196847,11898.0,339831.0,5000.0,356729.0,0.0473692915350307,0.5217206507279357,0.4423266977269519,recency_frac=0.3,protocol,
04-03-2026 11:48,1,14.0,20260304_114029,smote,0.05,351729,196847,11898.0,339831.0,0.0,351729.0,0.05,0.5281762324958702,0.4423266977269519,,protocol,
04-03-2026 11:49,1,14.0,20260304_114029,smote_recency03,0.05,351729,196847,11898.0,339831.0,0.0,351729.0,0.05,0.5110495843507058,0.4411972328109558,recency_frac=0.3,protocol,
04-03-2026 11:55,0,0.0,20260304_115441,baseline,,118108,118108,2826.0,115282.0,0.0,118108.0,0.0239272530226572,0.5434769390312724,0.4575232459847844,,protocol,
04-03-2026 11:55,0,0.0,20260304_115441,baseline,,118108,118108,2826.0,115282.0,0.0,118108.0,0.0239272530226572,0.5434769390312724,0.4575232459847844,,protocol,
04-03-2026 11:41,0,7.0,20260304_114029,baseline,,77964,118108,2080.0,75884.0,0.0,77964.0,0.0266789800420707,0.5396662521253219,0.4503381234150465,,protocol,
04-03-2026 11:41,0,7.0,20260304_114029,ctgan,0.05,77964,118108,2080.0,75884.0,2024.0,79988.0,0.0513076961544231,0.5384369404556855,0.4435756551141167,,protocol,
04-03-2026 11:41,0,7.0,20260304_114029,ctgan_recency03,0.05,77964,118108,2080.0,75884.0,2024.0,79988.0,0.0513076961544231,0.5410103287023141,0.4437869822485207,recency_frac=0.3,protocol,
04-03-2026 11:42,0,7.0,20260304_114029,tabddpm,0.05,77964,118108,2080.0,75884.0,2024.0,79988.0,0.0513076961544231,0.5381899434455075,0.4382924767540152,,protocol,
04-03-2026 11:42,0,7.0,20260304_114029,tabddpm_recency03,0.05,77964,118108,2080.0,75884.0,2024.0,79988.0,0.0513076961544231,0.5324016228140305,0.4395604395604395,recency_frac=0.3,protocol,
04-03-2026 11:42,0,7.0,20260304_114029,smote,0.05,77964,118108,2080.0,75884.0,0.0,77964.0,0.05,0.5368943655743925,0.4416737109044801,,protocol,
04-03-2026 11:43,0,7.0,20260304_114029,smote_recency03,0.05,77964,118108,2080.0,75884.0,0.0,77964.0,0.05,0.4790806057219806,0.4010989010989011,recency_frac=0.3,protocol,
04-03-2026 11:43,1,7.0,20260304_114029,baseline,,214078,118108,6533.0,207545.0,0.0,214078.0,0.0305169143956875,0.5282931743159744,0.428216704288939,,protocol,
04-03-2026 11:44,1,7.0,20260304_114029,ctgan,0.05,214078,118108,6533.0,207545.0,4735.0,218813.0,0.0514960262872864,0.5301898958065188,0.4270880361173815,,protocol,
04-03-2026 11:44,1,7.0,20260304_114029,ctgan_recency03,0.05,214078,118108,6533.0,207545.0,4735.0,218813.0,0.0514960262872864,0.5267844081364846,0.428216704288939,recency_frac=0.3,protocol,
04-03-2026 11:45,1,7.0,20260304_114029,tabddpm,0.05,214078,118108,6533.0,207545.0,4735.0,218813.0,0.0514960262872864,0.5119105138443747,0.4036117381489842,,protocol,
04-03-2026 11:45,1,7.0,20260304_114029,tabddpm_recency03,0.05,214078,118108,6533.0,207545.0,4735.0,218813.0,0.0514960262872864,0.5105199432591356,0.4051918735891648,recency_frac=0.3,protocol,
04-03-2026 11:46,1,7.0,20260304_114029,smote,0.05,214078,118108,6533.0,207545.0,0.0,214078.0,0.05,0.525752050822183,0.4334085778781038,,protocol,
04-03-2026 11:46,1,7.0,20260304_114029,smote_recency03,0.05,214078,118108,6533.0,207545.0,0.0,214078.0,0.05,0.5086026253409008,0.42686230248307,recency_frac=0.3,protocol,
04-03-2026 11:47,2,7.0,20260304_114029,baseline,,331489,118108,11205.0,320284.0,0.0,331489.0,0.0338020266132511,0.5767117608801408,0.4805898937323791,,protocol,
04-03-2026 11:48,2,7.0,20260304_114029,ctgan,0.05,331489,118108,11205.0,320284.0,6242.0,337731.0,0.0516594567866142,0.5825291495609558,0.4879635653871177,,protocol,
04-03-2026 11:49,2,7.0,20260304_114029,ctgan_recency03,0.05,331489,118108,11205.0,320284.0,6242.0,337731.0,0.0516594567866142,0.5838741513530099,0.4907829104315767,recency_frac=0.3,protocol,
04-03-2026 11:49,2,7.0,20260304_114029,tabddpm,0.05,331489,118108,11205.0,320284.0,6242.0,337731.0,0.0516594567866142,0.5799223777164296,0.4925178919973975,,protocol,
04-03-2026 11:50,2,7.0,20260304_114029,tabddpm_recency03,0.05,331489,118108,11205.0,320284.0,6242.0,337731.0,0.0516594567866142,0.5753060872253517,0.4792886575580134,recency_frac=0.3,protocol,
04-03-2026 11:50,2,7.0,20260304_114029,smote,0.05,331489,118108,11205.0,320284.0,0.0,331489.0,0.05,0.5853691556944217,0.4912166558230318,,protocol,
04-03-2026 11:50,2,7.0,20260304_114029,smote_recency03,0.05,331489,118108,11205.0,320284.0,0.0,331489.0,0.05,0.5587632304170032,0.473433094773368,recency_frac=0.3,protocol,
04-03-2026 11:51,3,7.0,20260304_114029,baseline,,453779,118108,15994.0,437785.0,0.0,453779.0,0.0352462321967301,0.5238525764736611,0.4387303149606299,,protocol,
04-03-2026 11:52,3,7.0,20260304_114029,ctgan,0.05,453779,118108,15994.0,437785.0,7890.0,461669.0,0.051734034557226,0.5268135062523556,0.4384842519685039,,protocol,
04-03-2026 11:53,3,7.0,20260304_114029,ctgan_recency03,0.05,453779,118108,15994.0,437785.0,7890.0,461669.0,0.051734034557226,0.5216229254899898,0.4352854330708661,recency_frac=0.3,protocol,
04-03-2026 11:54,3,7.0,20260304_114029,tabddpm,0.05,453779,118108,15994.0,437785.0,7890.0,461669.0,0.051734034557226,0.5274633533576355,0.4434055118110236,,protocol,
04-03-2026 11:55,3,7.0,20260304_114029,tabddpm_recency03,0.05,453779,118108,15994.0,437785.0,7890.0,461669.0,0.051734034557226,0.5256650791510273,0.4355314960629921,recency_frac=0.3,protocol,
04-03-2026 11:56,3,7.0,20260304_114029,smote,0.05,453779,118108,15994.0,437785.0,0.0,453779.0,0.05,0.524578166959317,0.4414370078740157,,protocol,
04-03-2026 11:57,3,7.0,20260304_114029,smote_recency03,0.05,453779,118108,15994.0,437785.0,0.0,453779.0,0.05,0.5181614421982322,0.4389763779527559,recency_frac=0.3,protocol,
04-03-2026 11:57,0,0.0,20260304_115441,ctgan,0.1,118108,118108,2826.0,115282.0,10298.0,128406.0,0.1022070619752971,0.5579248299714229,0.4704142011834319,,protocol,
04-03-2026 11:57,0,0.0,20260304_115441,ctgan,0.1,118108,118108,2826.0,115282.0,10298.0,128406.0,0.1022070619752971,0.5551736213728059,0.4611158072696534,,protocol,
04-03-2026 11:57,0,0.0,20260304_115441,tabddpm,0.1,118108,118108,2826.0,115282.0,10298.0,128406.0,0.1022070619752971,0.5544291462748854,0.4687235841081995,,protocol,
04-03-2026 11:57,0,0.0,20260304_115441,ctgan_recency03,0.1,118108,118108,2826.0,115282.0,10298.0,128406.0,0.1022070619752971,0.5556667059240805,0.4727387996618766,recency_frac=0.3,protocol,
04-03-2026 11:58,0,0.0,20260304_115441,smote,0.1,118108,118108,2826.0,115282.0,0.0,118108.0,0.1,0.5472202086016348,0.4547759932375317,,protocol,
04-03-2026 11:58,0,0.0,20260304_115441,tabddpm,0.1,118108,118108,2826.0,115282.0,10298.0,128406.0,0.1022070619752971,0.5544291462748854,0.4687235841081995,,protocol,
04-03-2026 11:58,1,0.0,20260304_115441,baseline,,236216,118108,7558.0,228658.0,0.0,236216.0,0.0319961391269008,0.5778163924869011,0.4785553047404063,,protocol,
04-03-2026 11:58,0,0.0,20260304_115441,tabddpm_recency03,0.1,118108,118108,2826.0,115282.0,10298.0,128406.0,0.1022070619752971,0.5551349925469486,0.4602704987320372,recency_frac=0.3,protocol,
04-03-2026 11:59,0,0.0,20260304_115441,smote,0.1,118108,118108,2826.0,115282.0,0.0,118108.0,0.1,0.5472202086016348,0.4547759932375317,,protocol,
04-03-2026 11:59,0,0.0,20260304_115441,smote_recency03,0.1,118108,118108,2826.0,115282.0,0.0,118108.0,0.1,0.506680170764318,0.4327979712595097,recency_frac=0.3,protocol,
04-03-2026 11:59,1,0.0,20260304_115441,baseline,,236216,118108,7558.0,228658.0,0.0,236216.0,0.0319961391269008,0.5778163924869011,0.4785553047404063,,protocol,
04-03-2026 12:01,1,0.0,20260304_115441,ctgan,0.1,236216,118108,7558.0,228658.0,18689.0,254905.0,0.1029677723073301,0.579287076515115,0.4882618510158013,,protocol,
04-03-2026 12:02,1,0.0,20260304_115441,tabddpm,0.1,236216,118108,7558.0,228658.0,18689.0,254905.0,0.1029677723073301,0.5403362361541605,0.4399548532731377,,protocol,
04-03-2026 12:02,1,0.0,20260304_115441,smote,0.1,236216,118108,7558.0,228658.0,0.0,236216.0,0.1,0.575326004000788,0.4862302483069977,,protocol,
04-03-2026 12:03,1,0.0,20260304_115441,ctgan,0.1,236216,118108,7558.0,228658.0,18689.0,254905.0,0.1029677723073301,0.575824217277116,0.4801354401805869,,protocol,
04-03-2026 12:03,2,0.0,20260304_115441,baseline,,354324,118108,11988.0,342336.0,0.0,354324.0,0.0338334405798083,0.6007340496930021,0.5046627629581436,,protocol,
04-03-2026 12:04,1,0.0,20260304_115441,ctgan_recency03,0.1,236216,118108,7558.0,228658.0,18689.0,254905.0,0.1029677723073301,0.5769325979614268,0.4837471783295711,recency_frac=0.3,protocol,
04-03-2026 12:04,1,0.0,20260304_115441,tabddpm,0.1,236216,118108,7558.0,228658.0,18689.0,254905.0,0.1029677723073301,0.5403362361541605,0.4399548532731377,,protocol,
04-03-2026 12:05,1,0.0,20260304_115441,tabddpm_recency03,0.1,236216,118108,7558.0,228658.0,18689.0,254905.0,0.1029677723073301,0.5604560622056449,0.4659142212189616,recency_frac=0.3,protocol,
04-03-2026 12:06,1,0.0,20260304_115441,smote,0.1,236216,118108,7558.0,228658.0,0.0,236216.0,0.1,0.575326004000788,0.4862302483069977,,protocol,
04-03-2026 12:06,1,0.0,20260304_115441,smote_recency03,0.1,236216,118108,7558.0,228658.0,0.0,236216.0,0.1,0.5522267117475519,0.4654627539503386,recency_frac=0.3,protocol,
04-03-2026 12:06,2,0.0,20260304_115441,baseline,,354324,118108,11988.0,342336.0,0.0,354324.0,0.0338334405798083,0.6007340496930021,0.5046627629581436,,protocol,
04-03-2026 12:07,2,0.0,20260304_115441,ctgan,0.1,354324,118108,11988.0,342336.0,27382.0,381706.0,0.1031422089251937,0.5973879351796052,0.4992409455649533,,protocol,
04-03-2026 12:09,2,0.0,20260304_115441,tabddpm,0.1,354324,118108,11988.0,342336.0,27382.0,381706.0,0.1031422089251937,0.5964156918276325,0.4940360008674908,,protocol,
04-03-2026 12:09,2,0.0,20260304_115441,smote,0.1,354324,118108,11988.0,342336.0,0.0,354324.0,0.1,0.5962484854029583,0.4979397093905877,,protocol,
04-03-2026 12:10,3,0.0,20260304_115441,baseline,,472432,118108,16599.0,455833.0,0.0,472432.0,0.0351352152267416,0.5336896271880447,0.4453740157480315,,protocol,
04-03-2026 12:11,2,0.0,20260304_115441,ctgan,0.1,354324,118108,11988.0,342336.0,27382.0,381706.0,0.1031422089251937,0.6000220530713538,0.5001084363478638,,protocol,
04-03-2026 12:14,2,0.0,20260304_115441,ctgan_recency03,0.1,354324,118108,11988.0,342336.0,27382.0,381706.0,0.1031422089251937,0.5966263549443879,0.490566037735849,recency_frac=0.3,protocol,
04-03-2026 12:15,2,0.0,20260304_115441,tabddpm,0.1,354324,118108,11988.0,342336.0,27382.0,381706.0,0.1031422089251937,0.5964156918276325,0.4940360008674908,,protocol,
04-03-2026 12:16,2,0.0,20260304_115441,tabddpm_recency03,0.1,354324,118108,11988.0,342336.0,27382.0,381706.0,0.1031422089251937,0.5982216897711083,0.5007590544350466,recency_frac=0.3,protocol,
04-03-2026 12:17,2,0.0,20260304_115441,smote,0.1,354324,118108,11988.0,342336.0,0.0,354324.0,0.1,0.5962484854029583,0.4979397093905877,,protocol,
04-03-2026 12:29,2,0.0,20260304_115441,smote_recency03,0.1,354324,118108,11988.0,342336.0,0.0,354324.0,0.1,0.583933626645368,0.4968553459119497,recency_frac=0.3,protocol,
04-03-2026 12:29,3,0.0,20260304_115441,ctgan,0.1,472432,118108,16599.0,455833.0,35894.0,508326.0,0.1032664077776859,0.5340487889963347,0.4458661417322834,,protocol,
04-03-2026 12:30,3,0.0,20260304_115441,baseline,,472432,118108,16599.0,455833.0,0.0,472432.0,0.0351352152267416,0.5336896271880447,0.4453740157480315,,protocol,
04-03-2026 12:32,3,0.0,20260304_115441,tabddpm,0.1,472432,118108,16599.0,455833.0,35894.0,508326.0,0.1032664077776859,0.5356722744125567,0.4505413385826771,,protocol,
04-03-2026 12:32,3,0.0,20260304_115441,smote,0.1,472432,118108,16599.0,455833.0,0.0,472432.0,0.1,0.53708254697452,0.4566929133858268,,protocol,
04-03-2026 12:37,3,0.0,20260304_115441,ctgan,0.1,472432,118108,16599.0,455833.0,35894.0,508326.0,0.1032664077776859,0.535092728758142,0.4507874015748031,,protocol,
04-03-2026 12:38,3,0.0,20260304_115441,ctgan_recency03,0.1,472432,118108,16599.0,455833.0,35894.0,508326.0,0.1032664077776859,0.5427460313678482,0.4557086614173228,recency_frac=0.3,protocol,
04-03-2026 12:54,3,0.0,20260304_115441,tabddpm,0.1,472432,118108,16599.0,455833.0,35894.0,508326.0,0.1032664077776859,0.5356722744125567,0.4505413385826771,,protocol,
04-03-2026 13:09,3,0.0,20260304_115441,tabddpm_recency03,0.1,472432,118108,16599.0,455833.0,35894.0,508326.0,0.1032664077776859,0.5331085525916535,0.452017716535433,recency_frac=0.3,protocol,
04-03-2026 13:11,3,0.0,20260304_115441,smote,0.1,472432,118108,16599.0,455833.0,0.0,472432.0,0.1,0.53708254697452,0.4566929133858268,,protocol,
04-03-2026 13:11,3,0.0,20260304_115441,smote_recency03,0.1,472432,118108,16599.0,455833.0,0.0,472432.0,0.1,0.5388892186958242,0.4633366141732283,recency_frac=0.3,protocol,
2026-02-20 14:31,0,,,baseline,,118108,118108,,,,,,0.5614727393508298,0.4668216398985629,,smote,
2026-02-20 14:32,0,,,smote,0.05,118108,118108,,,,,,0.5546037109954469,0.459636517328825,,smote,
2026-02-20 14:32,0,,,smote,0.1,118108,118108,,,,,,0.5552996890552543,0.4528740490278952,,smote,
2026-02-20 14:32,0,,,smote,0.2,118108,118108,,,,,,0.5522871309639612,0.4623837700760778,,smote,
2026-02-20 14:33,1,,,baseline,,236216,118108,,,,,,0.5874029114466123,0.4988713318284424,,smote,
2026-02-20 14:33,1,,,smote,0.05,236216,118108,,,,,,0.5879670986151642,0.4927765237020316,,smote,
2026-02-20 14:34,1,,,smote,0.1,236216,118108,,,,,,0.5808076787649236,0.4875846501128668,,smote,
2026-02-20 14:34,1,,,smote,0.2,236216,118108,,,,,,0.5826853564904231,0.4905191873589165,,smote,
2026-02-20 14:35,2,,,baseline,,354324,118108,,,,,,0.6108642060423427,0.5159401431359791,,smote,
2026-02-20 14:35,2,,,smote,0.05,354324,118108,,,,,,0.6174334081996455,0.5146389069616135,,smote,
2026-02-20 14:36,2,,,smote,0.1,354324,118108,,,,,,0.6131909012110908,0.5176751247018,,smote,
2026-02-20 14:37,2,,,smote,0.2,354324,118108,,,,,,0.6137803894309781,0.5196269789633485,,smote,
2026-02-20 14:12,0,,,,,98423,98423,,,,,,0.5640288870791841,0.4930429522081064,,sliding_window,static
2026-02-20 14:12,0,,,,,98423,98423,,,,,,0.5640288870791841,0.4930429522081064,,sliding_window,sliding
2026-02-20 14:13,1,,,,,196846,98424,,,,,,0.6166000590940325,0.5052968711505297,,sliding_window,static
2026-02-20 14:13,1,,,,,98423,98424,,,,,,0.5969198431094304,0.4924858339492486,,sliding_window,sliding
2026-02-20 14:13,2,,,,,295270,98423,,,,,,0.5602453782024673,0.4731416169289202,,sliding_window,static
2026-02-20 14:13,2,,,,,98423,98423,,,,,,0.5358576238189157,0.4454693434617471,,sliding_window,sliding
2026-02-20 14:14,3,,,,,393693,98423,,,,,,0.5953370592250192,0.4964731416169289,,sliding_window,static
2026-02-20 14:14,3,,,,,98423,98423,,,,,,0.5801121251348909,0.4940314704286489,,sliding_window,sliding
2026-02-20 14:15,4,,,,,492116,98424,,,,,,0.5727385351908025,0.4851339417132764,,sliding_window,static
2026-02-20 14:15,4,,,,,98423,98424,,,,,,0.5752622306249747,0.5027965852222549,,sliding_window,sliding
